SeriesKey	CharaName	Species	BirthMonth	BirthDay	BirthdayNote
コロちゃん	コロちゃん	Bear	11	8	
バニー＆マッティ	バニー	Rabbit	12	29	
バニー＆マッティ	マッティ	Mouse			
TS	キキ	Human	12	24	
TS	ララ	Human	12	24	
TS	パフ	Bear			
TS	ポフ	Bear			
TS	ネムリン				
TP	さっちゃん	Human	1	21	
スモールピープル	スイートキャンディ	Human			
KT	キティ	Cat	11	1	
KT	ミミィ	Cat	11	1	
KT	ジョージ	Cat	6	3	
KT	メアリー	Cat	9	14	
KT	アンソニー	Cat	10	25	
KT	マーガレット	Cat	3	31	
TC	タイニーチャム	Bear	10	27	
TC	タイニーピンク	Bear	10	27	
TC	タイニーブルー	Bear	10	27	
TC	タイニークリーム	Bear	10	27	
TC	タイニーラベンダー	Bear	10	27	
TC	タイニーグリーン	Bear	10	27	
KT	モーリー	Mole			
KT	ジュディ	Mouse			
KT	ジョーイ	Mouse			
KT	ロッティ	Squirrel			
KT	ローリー	Squirrel			
KT	ティム＆タミー	Monkey			
KT	フィーフィー	Sheep			
KT	ティッピー	Bear			
KT	トレーシー	Raccoon Dog			
KT	ジョディ	Dog			
KT	トーマス	Bear			
KT	キャシー	Rabbit			
KT	キンギョさん	Fish			
KT	おまわりさん	Dog			
KT	ゆうびんやさん	Goat			
KT	おいしゃさん	Dog			
DN	ダニエル	Cat	5	3	
DN	ポール	Cat			
PJ	パティ	Human	2	5	
PJ	ジミー	Human	7	30	
PJ	ビリー	Human			
PJ	ドラ	Human			
PJ	ファジー	Dog			
ロビーラビット	ロビーラビット	Rabbit			
ロビーラビット	ビービー	Bee			
ロビーラビット	ハニービー	Bee			
SK	いちごの王さま	Human	12	7	
SK	ダンディ	Human	5	24	
SK	トミー	Human	8	18	
SK	タフィ	Human	1	8	
SK	キャンディ	Human	3	12	
SK	ソクラテス	Human	4	13	
SK	クライベビー	Human	10	11	
SK	スティンキー	Human	2	7	
ピーク・ア・ブー	デイジー	Human			
ピーク・ア・ブー	ビビ	Human			
ピーク・ア・ブー	ペロ	Dog			
八千代チャーマー	八千代チャーマー	Human			
MM	メロディ	Rabbit	1	18	
MM	おとうさん	Rabbit			
MM	おかあさん	Rabbit			
MM	リズムくん	Rabbit			
MM	おじいちゃん	Rabbit			
MM	おばあちゃん	Rabbit			
MM	フラットくん	Mouse			
MM	りすくん	Squirrel			
MP	ピアノちゃん	Sheep	7	6	
MM	くまくん	Bear			
MM	きつねくん	Fox			
MM	あらいぐまくん	Raccon			
MM	ぞうさん	Elephant			
MM	カンガルーくん	Kangaroo			
MM	はりねずみくん	Hedgehog			
MM	もぐらくん	Mole			
MM	ふくろうのおじさん	Bird			
MM	とりさん	Bird			
MM	ちょうちょさん	Bird			
MM	アヒルの親子	Bird			
スパンキーバロー	バロー	Donkey			
スパンキーバロー	スピーディ	Mouse			
スパンキーバロー	キャシー	Cat			
スパンキーバロー	ピキ	Pig			
スパンキーバロー	ロビン	Rabbit			
スパンキーバロー	モグ	Mole			
ララバイラバブルズ	ウィンキー	Human			
ララバイラバブルズ	ウィンクル	Human			
ララバイラバブルズ	テディ	Bear			
ファンシーエレファント	ファンシーエレファント	Elephant			
汽車	汽車	Vehicle			
ピーターデイビス	ピーターデイビス	Dog			
BN	トリシュ	Human	1	5	
ボーイ&ガール	男の子	Human			
ボーイ&ガール	女の子	Human			
ブーギーブー	ブーギーブー	Dog			
ラビーデイズ	ラビーデイズ	Cat			
ビッグチャレンジ	ビッグチャレンジ	Crocodile			
TX	サム	Penguin	5	12	
TX	パム	Penguin			
TX	タム	Penguin			
TX	チップ	Seal			
TX	ロブスタン	Hermit crab			
TX	カニヤン	Crab			
木馬	木馬	Horse			
キャプテンウィリー（水兵）	キャプテンウィリー（水兵）	Human			
キャプテンウィリー（クジラ）	キャプテンウィリー（クジラ）	Whale			
フェアリーチャーマー	フェアリーチャーマー	Fairy			
セブンシリードワーフ	セブンシリードワーフ	Fairy			
プレインパラダイス	プレインパラダイス	Rabbit, Dog, Cat			
CH	チャム	Rabbit			
CH	パム	Elephant	10	10	
CH	プー	Pig	2	23	
CH	ミュー	Cat	8	13	
CH	ムー	Bear	8	19	
CH	チュ	Mouse			
トリップトゥワンダーランド	オオカミ	Wolf			
トリップトゥワンダーランド	ウサギ	Rabbit			
トリップトゥワンダーランド	ゾウ	Elephant			
トリップトゥワンダーランド	キリン	Giraffe			
トリップトゥワンダーランド	ネコ	Cat			
トリックトラップ	トリックトラップ	Dog			
ドゥーピーデーモンズ	ドゥーピーデーモンズ	Demon			
クイックワックス	お父さん	Bird			
クイックワックス	三つ子の男のコ	Bird			
クイックワックス	クィニー	Bird			
キッズベア（ハウディ）	キッズベア（ハウディ）	Bear			
ウィーメリールー	メリールー	Human			
ボゴ ザ シティボーイ	ボゴ				
プチアンジュ	プチアンジュ	Human			
パピーラブ	スタイリッシュ ラビット	Rabbit			
パピーラブ	ジェントルマン ドッグ	Dog			
パピーラブ	スマーティー キャット	Cat			
パピーラブ	スポーティ ベア	Bear			
チェルシーストライプス	チェルシーストライプス	Fairy			
トゥイーディードロップス	トゥイーディードロップス	Rabbit			
ビリーパイ	ビリーパイ	Bear			
メローチューン	メローチューン	Cat			
ゾウ自転車	ゾウ自転車	Elephant			
FP	フレッシュパンチ				
ハウストレイン	ハウストレイン	Vehicle			
バブルチークス	バブルチークス	Bear, Mouse, Rabbit			
GO	ゴロ	Human			かみなり歴53年14月25日
GO	ピカ	Human			かみなり歴53年14月25日
GO	ドン	Human			かみなり歴53年14月25日
ファンカムアライブ	ファンカムアライブ	Bear			
BD	ミスターベアーズドリーム	Bear			
クラフティクルー	クラフティクルー	Elephant, Cat, Rabbit, Lion, Bear			
VA	エディ	Human	1	25	
VA	エミィ	Human	1	25	
VA	エルフ	Dog	11	11	
ブーギーウー	ブー	Pig			
ブーギーウー	ギー	Pig			
ブーギーウー	ウー	Pig			
ジッピーズー	ジッピーズー	Bear, Rabbit, Elephant, Lion, Cow, Dog			
カントリーフレッシュベジーズ	カントリーフレッシュベジーズ	Vegetable			
RB	ザ ラナバウツ	Vehicle			
ZB	ザシキブタ	Pig	2	4	
ZB	タビー	Mouse			
ジェントルベアリーグ	ジェントルベアリーグ	Bear			
ベジメニュー	ベジメニュー	Rabbit			
ズーズーギャング	ズーズーギャング	Mouse, Pig, Bear, Mole			
TA	たあ坊	Human	5	5	
TA	まあくん	Human			
TA	おかあさん	Human			
TA	おとうさん	Human			
TA	おじいちゃん	Human			
TA	おばあちゃん	Human			
TA	おじいちゃん	Human			
TA	おばあちゃん	Human			
TA	なこちゃん	Human			
TA	イヌくん				
TA	ニワトリさん				
TA	ヒヨコさん				
TA	カエルさん				
TA	青い鳥さん				
TA	くまさん				
TA	ぞうさん				
TA	タヌキさん				
TA	キツネさん				
TA	ウサギさん				
TA	おさるさん				
TA	ブタさん				
TA	パンダさん				
TA	ネズミさん				
TA	ネコさん				
TA	ワニさん				
TA	カメさん				
TA	トラさん				
TA	ライオンさん				
TA	ひつじさん				
TA	ヤギさん				
TA	アシカさん				
TA	ペンギンさん				
TA	シロクマさん				
TA	ヒョウさん				
TA	リスさん				
TA	ラッコさん				
TA	コアラさん				
TA	モグラさん				
TA	ナマケモノさん				
TA	イルカさん				
TA	イノシシくん				
TA	カバさん				
TA	ウシさん				
TA	ウマさん				
TA	キリンさん				
TA	トナカイさん				
TA	カッパさん				
TA	タツさん				
TA	オニさん				
TA	サンタさん				
NZ	ねずみ小僧	Human			
NZ	こばんねこ	Cat			
NZ	お菊ちゃん	Human	5	5	
NZ	らん丸	Human			
NZ	ぜにすて平次	Human			
パーティアラカルト	パーティアラカルト	Food			
NA	ニャ	Cat	1	17	
NA	ニィ	Cat	1	17	
NA	ニュ	Cat	1	17	
NA	ニェ	Cat	1	17	
NA	ニョン	Cat	1	17	
ピクシーピコ	ピクシーピコ	Fairy			
HG	ハンギョドン		3	14	
HG	さゆり	Octopus	5	9	
HG	おたまろ	Frog	12	10	
HG	イタロー	Squid	1	2	
ロベルタ	ロベルタ	Bear			
ムッシュマリン	ムッシュマリン	Human			
ミニールミュー	ミニー	Cat			
ウイニングジャック	ジャック	Dog			
ウイニングジャック	ナゲット	Bird			
カモメ	カモメ	Bird			
カルチャーショック	夢之介	Human			
カルチャーショック	鉄之進	Human			
GF	ギミーファイブ	Human			
キャッツビーキッズ	キャッツビーキッズ	Cat			
キャプテンウィリー（クジラ）	キャプテンウィリー（クジラ）	Whale			
ザ メインストリーム,ファンシー	ザ メインストリーム,ファンシー	Rabbit, Bear, Cat			
スポーティングベアーズ	スポーティングベアーズ				
MA	マロン	Rabbit	5	31	
MA	シナモン	Mouse			
DA	だちょのすけ	Bird			
DA	だちょみ	Bird			
NN	クロ	Cat	11	19	
NN	トラ	Cat	11	19	
NN	ミケ	Cat	11	19	
トビートリックス	トビートリックス	Dog			
テディ ザ テディ	テディ ザ テディ	Bear			
コットンテイルズ	コットンテイルズ	Rabbit			
トレンドセッターズ	トレンドセッターズ	Human			
ビバリーヒルズキッド	フィリップアレン	Dog			
ユータクン	ユータクン	Ghost			
アルフレッドアロハ	アルフレッドアロハ	Elephant			
UM	おウメばあちゃん	Human	5	18	
ようかいきっず	ドラムスコ	Ghost			
ようかいきっず	ミイラゴン	Ghost			
ようかいきっず	マジョリン	Ghost			
PD	本舗固 歩香本	Raccon Dog	9	15	ぽこぽん年の十五夜（SPLでは9月15日扱い）
PD	本舗固 狐狸庵	Raccon Dog			
PD	本舗固 夢千代	Raccon Dog			
PD	分部久 花	Raccon Dog	3	3	
PD	うずら	Cat			
PD	分部久 源内	Raccon Dog			
ブラウニーズストーリー	ペニー	Bird			
ブラウニーズストーリー	ジングル	Dog			
ブラウニーズストーリー	レックス	Fox			
パジャマクラブ	リトルローリー	Elephant			
トウィードルディーディー	トウィードルディーディー	Bear			
すずめや	すずめや	Bird, Rabbit, Fox			
ファジーズファミリー	ファジーズファミリー	Bear			
MC	ミミックマイク	Dog	7	21	
スティルスモールテイルズ	スティルスモールテイルズ	Snow			
ダッカドゥ	ダッカドゥ	Bird			
PI	パウピポ	Giraffe	7	30	
ディーンザビーン	ディーンザビーン	Human			
きんぎょ堂本舗	きんぎょちゃん	Fish			
KR	けろっぴ	Frog	7	10	
KR	お父さん	Frog			
KR	お母さん	Frog			
KR	ぴっき	Frog	7	10	
KR	ころっぴ	Frog	7	10	
KR	けろりーぬ	Frog	1	21	
KR	けろっぺ	Frog			
KR	ガンタ	Frog			
KR	ノーベルン	Frog			
KR	キョロスケ	Frog			
KR	てるてる				
KR	でんでん				
KR	ちっぴ	Frog			
ルッキールー	ルッキールー	Giraffe			
ホプティコプティ	ホプティコプティ	Vehicle			
ゲーターギャグズ	ゲーターギャグズ	Crocodile			
ジャイブエクスプレス	ジャイブエクスプレス	Fish			
風神雷之助	風神	God			
風神雷之助	雷神	God			
バニラビーン	サディアス・ザカラィアス・アーチバルド・ブラウンマズル・ザ・サード	Bear	12	25	19??年（わすれた）12月25日
AP	ペックル	Bird	7	27	
AP	ピッチ	Fish	3	17	
AP	チャップ	Fish	3	17	
AP	ラン	Fish	3	17	
AP	ルビー	Bird	9	29	
AP	ブート	Bird	1	1	
AP	チャラ	Bird	9	9	
AP	カール	Bird	5	31	
AP	フリル	Bird	2	9	
PC	ポチャッコ	Dog	2	29	
PC	チョッピ	Mouse	3	22	
PC	ピーちゃんズ(ピヨ・ピコ・ピープ)	Bird	8	1	
PC	ポップル	Bird	12	18	
PC	モンモン		6	14	
PC	サミュ		9	9	
PC	ピルル	Bird	1	28	
PC	ティッキー	Monkey	9	15	
PC	マイム	Turtle	7	31	
PC	レイチェル		2	25	
PC	プレーリーズ(ドキドキ・ランラン・ナーニ)		2	11	
PC	グリ	Rabbit	11	14	
PC	ラビ	Rabbit	4	13	
PC	チュピ	Rabbit	5	6	
PC	モグモグ	Mole	9	2	
PC	ドッチ	Frog	6	30	
PC	フワフワ	Ghost	10	31	
PC	メープル	Bird	5	24	
PC	ポンチ	Bird	8	1	
PC	タップ	Bird	1	10	
PC	ペペ	Bird	4	29	
PC	スイム	Bird	2	7	
PC	トトラ	Tiger	12	10	
PC	プクク	Sea otter	7	20	
PC	ドリ	Dolphin	3	12	
PC	ジャンプ	Dolphin	3	21	
笑う女	笑う女	Human			
ロージィポージィ	ローズマリー・ブラウン	Human			
ロージィポージィ	オニール	Dog			
るるる学園	高美なおみ	Human	8	15	
るるる学園	魚尾まいこ	Human	4	6	
るるる学園	賀上ちえ	Human	12	22	
るるる学園	縦乗よしこ	Human	7	14	
るるる学園	立津手とも	Human	9	9	
るるる学園	雨田てるみ	Human	12	18	
ミリーピクシー	ミリーピクシー	Bear	3	1	
ぽんぽんひえた	ぽんぽんひえた	Human			
いっくちゃん	いっくちゃん	Human			
ウィンキーピンキー	ウィンキーピンキー	Cat			チューリップがお庭に咲くころ
カッパルンバ	るぱぱ				
タバサディーン	タバサディーン	Human	10	24	2000年10月24日
どんじゃらほい	ぎゅうべえ	Cow			
どんじゃらほい	コン吉	Fox			
どんじゃらほい	ポン太	Raccon Dog			
どんじゃらほい	いの助	Pig			
どんじゃらほい	ちゅう助	Mouse			
トフィールー	トフィールー	Human			
トフィールー	ルールー	Dog			
ディンドンダニー	ディン	Bear			
ディンドンダニー	ドン	Bear			
ディンドンダニー	ダニー	Bear			
スポッティドッティ	スポッティドッティ	Dog			
スポッティドッティ	サッシー	Cat			
ワッフルキッズ	ワッフル	Bear	5	5	
ワッフルキッズ	マフィン	Bear	3	3	
ワッフルキッズ	ビスケット	Bear	10	10	
ワッフルキッズ	フリッター	Porcupine	5	3	
ワッフルキッズ	クッキー	Rabbit	12	25	
ワッフルキッズ	タフィー	Bird	11	3	
ワッフルキッズ	ピスタチオ	Dog	4	29	
てつなぎクマ	てつなぎクマ	Bear			
リトルコットンウッドコテージ	イエロー	Fairy			
リトルコットンウッドコテージ	パープル	Fairy			
リトルコットンウッドコテージ	レッド	Fairy			
リトルコットンウッドコテージ	ブルー	Fairy			
リトルコットンウッドコテージ	オレンジ	Fairy			
リトルコットンウッドコテージ	グリーン	Fairy			
リトルコットンウッドコテージ	グレー	Fairy			
ぴんきぃびぃちゃん	ぴんきぃびぃちゃん	Bee			
フーティフーツ	フーティフーツ	Bird			
シュガークリームパフ	シュガークリームパフ	Bear	10	5	
プカプカパラダイス	プカプカパラダイス	Jellyfish	3	12	
プカプカパラダイス	デンキクラゲ	Jellyfish			
ファニーボーンズ	ファニーボーンズ	Dog			
ウィアーダイナソアーズ！	ティラン	Dinosaur			
ウィアーダイナソアーズ！	トップス	Dinosaur			
ウィアーダイナソアーズ！	ステガ	Dinosaur			
ウィアーダイナソアーズ！	プテラ	Dinosaur			
ウィアーダイナソアーズ！	ブラッキー	Dinosaur			
ウィアーダイナソアーズ！	プレッシー	Dinosaur			
OM	もんきち	Monkey	1	13	
OM	もんた	Monkey	11	26	
OM	ももちゃん	Monkey	3	3	
OM	うーくん	Monkey	2	1	
OM	大吉	Monkey	5	5	
OM	もんすけ	Monkey	4	1	
OM	ちえお	Monkey	12	25	
ペロはともだち	ペロはともだち	Dog			
ハニーフィールド	ハニーフィールド	Bear			春がおとずれるころ
パタパタペッピー	ペッピー	Bird	8	26	
チューチューターコ	ターコ	Octopus			
チューチューターコ	コータ	Squid			
XO	ばつ丸	Penguin	4	1	
XO	パパ	Penguin			
XO	ママ	Penguin			
XO	つん子	Penguin	4	2	
XO	バッドツインズ	Penguin			
XO	グッドはな丸	Seal	8	7	
XO	伊集院パンダバ	Panda	8	8	
XO	はなたれカメ	Turtle			
XO	蘇我イルカ	Dolphin			
XO	小川サメオ	Shark			
パラダイスライブス	カモカモ	Platypus			
パラダイスライブス	ハリー	Echidna			
レヌヌオース	レヌヌオース	Bear			
カッパのカッピー	カッピー	Kappa			
カッパのカッピー	リンリン	Flower			
カッパのカッピー	おったまコプター	Flower			
KP	ピッポ	Pig	12	16	12月16日のぽかぽか天気の日
KP	ユメハ	Squirrel	10	10	
KP	ケン	Bird			
KP	ハナ	Bird			
KP	サワ	Bird			
ベンジャミンベア	ベンジャミンベア	Bear			
ジンジャースナップ	ジンジャースナップ	Mouse			
フレンドリーコッコちゃん	フレンドリーコッコちゃん	Bird			
花とうさぎ	花とうさぎ	Rabbit			
つぐみ堂	つぐみ堂	Bird			
ピッケビッケ	ピッケビッケ	Mouse	1	1	ねずみ年の１月１日
アッちゃんがいちばん！	アッちゃんがいちばん！	Human	1	15	
HB	ホリーズベアー	Bear			
うりうりころん	お母さん	Pig			
うりうりころん	うりまる	Pig			
うりうりころん	うりまろ	Pig			
うりうりころん	うりりん	Pig			
うりうりころん	ころん	Pig			
ポーラーピクニック	ポーラーピクニック	Penguin			
ピックスプレス	ピックスプレス	Frog			
ハッパキッズ	ハッパキッズ	Insect			
プワワ	プワワ	Ghost			流れ星が、南の空をよぎった満月の夜。
テルテルポロンちゃん	テルテルポロンちゃん				
PN	プリン	Dog	4	16	4月16日のお天気いい日
PN	マフィン	Hamster	9	16	
PN	スコーン	Mouse	2	16	
PN	ベーグル	Squirrel	8	16	
PN	パウダー	Rabbit	12	12	
PN	ホイップ	Penguin	6	16	
PN	タルト	Rabbit	10	10	
PN	カスタード	Bird	5	15	
PN	ミント	Frog	6	6	
PN	マカロン	Dog	3	3	
PN	バニラ	Bear	1	3	
PN	ココナッツ	Monkey	7	2	
PN	シロップ	Bird	4	6	
PN	クッキー	Hamster	9	30	
PN	ビスケ	Hamster	9	30	
PN	ひつじさん	Sheep			
PN	パパ	Dog	8	8	
PN	ママ	Dog	8	8	
PN	おじいちゃん	Dog	9	15	
PN	おばあちゃん	Dog	3	14	
ウィスカーズ＆パウズ	ウィスカーズ＆パウズ	Cat			
キンダーキッズ	キンダーキッズ	Rabbit, Bear			
CO	チョコキャット	Cat	5	10	
CO	クッキーバウ	Dog	10	20	
CO	ジェリービーン	Rabbit	5	24	
CO	ナッツー	Hamster	3	30	
CO	リーフィ	Bird	12	24	
CO	シフォン	Bird	12	24	
CO	レモネード	Bird	12	24	
CK	クリリン	Hamster	2	4	飼い主の女の子のお家に来た日を、誕生日に決めた
CK	サクラ	Hamster	2	4	
CK	チビクリ	Hamster	10	8	
CK	コマチ	Hamster	10	8	
CK	クルミ	Hamster	10	8	
CK	チェリー	Hamster	10	8	
CK	シンゴ	Hamster	10	8	
CK	ミルク	Hamster	10	8	
CK	チャチャ	Hamster	10	8	
CK	パンツ	Hamster			
CK	ブック	Hamster			
CK	レオナルド３世	Hamster			
CK	ジョー	Hamster			
CK	ペロ	Hamster			
CK	フムフム	Hamster			
CK	シマちゃん	Hamster			
CK	マイケル	Hamster			
CK	長老	Hamster			
CK	レイン	Hamster			
CK	もぐちゃん	Hamster			
CK	タフ	Hamster			
CK	げんき	Hamster			
CK	アラシ	Hamster			
CK	モーちゃん	Hamster			
CK	ポッケ	Hamster			
CK	タイム	Hamster			
CK	スピーディ	Hamster			
CK	サーカス	Hamster			
CK	キャッチ	Hamster			
CK	チョッキ	Hamster			
CK	モサッコ	Hamster			
CK	ビク	Hamster			
CK	ブッチ	Hamster			
CK	スコップ	Hamster			
CK	キューブ	Hamster			
CK	マッキー	Hamster			
CK	ネンネ	Hamster			
CK	アイちゃん	Hamster			
CK	テレちゃん	Hamster			
CK	マリリン	Hamster			
CK	チョコ	Hamster			
CK	マロ	Hamster			
CK	にこちゃん	Hamster			
CK	プリマ	Hamster			
CK	べべ	Hamster			
CK	リリィ	Hamster			
CK	リンリン	Hamster			
CK	ピア	Hamster			
CK	テディコ	Hamster			
CK	エリザベス	Hamster			
CK	ふくちゃん	Hamster			
CK	ムス	Hamster			
CK	アンジュ	Hamster			
CK	ジニー	Hamster			
CK	モコちゃん	Hamster			
CK	ホッペ	Hamster			
CK	テク	Hamster			
CK	ミッケ	Hamster			
CK	ミミコ	Hamster			
CK	ピント	Hamster			
CK	ハート	Hamster			
CK	パンちゃん	Hamster			
CK	じゃん	Hamster	8	4	
CK	がり	Hamster	9	5	
CK	あん	Hamster	11	6	
CK	はむっち	Hamster	4	7	
CK	すたあ	Hamster	6	8	
CK	ビーン	Hamster			
CK	マッシュ	Hamster			
CK	きなこ	Hamster			
CK	おはぎ	Hamster			
CK	トモちゃん	Hamster			
CK	ダンディー	Hamster			
CK	ボス	Hamster			
CK	プリンス	Hamster			
CK	こげ	Hamster			
CK	まる	Hamster			
CK	ベル	Hamster			
CK	ロロボ	Hamster			
CK	ボロロ	Hamster			
CK	ロロコ	Hamster			
CK	カーリー	Hamster			
CK	ピュン	Hamster			
CK	チェン	Hamster			
CK	ハン	Hamster			
CK	ポー	Hamster			
CK	コスモ	Alien			
CK	りく	Turtle			
ピンクのこりすピンクルちゃん	ピンクのこりすピンクルちゃん	Squirrel	7	7	
OF	おーちゃん	Dog			
OF	きーちゃん	Cat			
OF	がんちゃん	Bear			
OF	るんちゃん	Rabbit			
OF	ふれんちゃん	Penguin			
OF	ずんちゃん	Panda			
となりのカッパさんち	となりのカッパさんち	Kappa			
トリックス＆トランクス	トリックス＆トランクス	Elephant			
SS	シンカンセン	Vehicle			
へーすけ	へーすけ	Human	1	1	
TL	らんどりー	Raccoon	12	8	
TL	ピー	Bird			
TL	カエルくん	Frog			
TL	ナッツ	Squirrel	10	10	
ねむっこにゃ〜ご	ねむっこにゃ〜ご	Cat	9	9	
ねむっこにゃ〜ご	ぐう	Cat			
ねむっこにゃ〜ご	ピッピ	Bird			
はんなりこまち	こまち	Cat	3	3	
RW	ROBOW@N	Dog	11	11	
US	ウサハナ	Rabbit	8	7	
US	ソラくん	Bear	5	6	
US	パンニャちゃん	Panda	3	14	
US	ワンワちゃん	Dog	11	11	
US	ブッピーくん	Pig	10	10	
US	ニャーコちゃん	Cat	2	7	
SC	コロン	Bee	3	28	
プチメリッコ	プチメリッコ	Sheep	2	14	
CP	親方	Panda	10	18	
CP	テンさん	Panda			
CP	テコさん	Panda			
CP	マイさん	Panda			
CN	シナモン	Dog	3	6	
CN	カプチーノ	Dog	6	27	
CN	モカ	Dog	2	20	
CN	シフォン	Dog	1	14	
CN	エスプレッソ	Dog	12	4	
CN	みるく	Dog	2	4	
CN	ココ	Dog	7	25	
CN	ナッツ	Dog	7	25	
CN	コルネ	Unicorn			
CN	ポロン	Dog			
CN	シロ太郎	Cat			
CN	鳥さん	Bird			
CN	くまさん	Beer			
HW	ポー	Beer	2	7	
プルルンキュピ	プルルンキュピ	Fairy			
タビスケ	タビスケ		9	7	
チュッピーズ	ベリー	Mouse			
チュッピーズ	ソーダ	Mouse			
チュッピーズ	ミント	Mouse			
チュッピーズ	グレープ	Mouse			
チュッピーズ	レモン	Mouse			
DL	ルー	Deer	1	8	
DL	青い小鳥さん	Bird			
DL	赤いキノコさん	Mushroom			
DL	小さいキノコさん	Mushroom			
パンダップル	パンダップル	Panda	6	2	
パンダップル	イモムシちゃん	Insect			
FZ	Z	Vehicle			
PW	ぷち	Dog	10	15	わんこの日
CI	ちびまる	Dog	2	2	
CI	そら	Dog	5	5	
CI	くーすけ	Dog	9	9	
CI	ちわぴょん	Dog	3	3	
CI	まめた	Dog	12	31	
CI	てりきち	Dog	5	5	
PT	パンタン	Panda	10	7	
PT	ママ	Panda			
PT	パパ	Panda			
PT	ピノタン	Panda			
PT	トリさん	Bird			
PB	ベリーナ	Fruit			
PB	バニャニャン	Fruit			
PB	メロリーナ	Fruit			
フルーリーミュー	フルーリーミュー	Cat			
ちっちゃいもんちゃん	ちっちゃいもんちゃん	Monkey			
ドキドキヤミーチャムズ	ドキドキバーガー	Food			
ドキドキヤミーチャムズ	ドキドキフライ	Food			
ドキドキヤミーチャムズ	ドキドキシェイク	Food			
ドキドキヤミーチャムズ	ドキドキチキンチャム	Food			
ドキドキヤミーチャムズ	ドキドキホットドック	Food			
ドキドキヤミーチャムズ	ザ チリペッパートリオ	Food			
SI	しろうさ	Rabbit	5	26	
SI	くろうさ	Rabbit	5	26	
SI	ももうさ	Rabbit	3	3	
SI	はなうさ	Rabbit	3	3	
SI	ストロベリーうさ	Rabbit	2	6	
SI	ブルーベリーうさ	Rabbit	2	6	
SI	ぶちうさ	Rabbit	8	1	
SI	ミントうさ	Rabbit	8	1	
SI	こむぎうさ	Rabbit	10	10	
SI	ぱんだうさ	Rabbit	10	10	
SI	ラテうさ	Rabbit	4	3	
SI	カプチーノうさ	Rabbit	4	3	
SI	あおうさ	Rabbit	12	13	
SI	あおみみうさ	Rabbit	12	13	
SI	カカオ	Mouse			
SI	バニラ	Mouse			
CY	チャーミー	Cat	10	31	パパからプレゼントされた日。キティが決めた
CY	ハニーキュート	Cat	9	23	
CY	シュガー	Hamster	5	1	
CY	ミルフィーユ	Hamster			
CY	ティラミス	Hamster			
CY	ビスケット	Hamster			
CY	ショコラ	Hamster			
CY	パール	Cat			
CY	エメラルド	Cat			
CY	ルビー	Cat			
CY	サファイア	Cat			
CY	ブラックオパール	Cat			
KU	クロミ	Rabbit			
KU	バク	Tapir	2	29	
KU	バコ	Tapir			
KU	ニャンミ	Cat	2	22	
KU	ワンミ	Dog	11	1	
KU	コンミ	Fox	8	1	
KU	チュウミ	Mouse	11	18	
MN	マシュマロ	Cat	2	22	
CA	アズキ	Dog	9	25	
TE	ラッテくん	Beer	2	14	
TE	メープルちゃん	Beer	3	3	
TE	フラッペくん	Beer	10	10	
TE	マキアートくん	Beer	5	5	
TE	チャイくん	Beer	4	1	
TE	ミスター・ スチーム	Ghost			
TE	マドラーさん				
TE	かくざとうくん	Food			
PU	ぱんくんち	Panda			
PU	ショクパンくん	Food			
PU	コッペパンくん	Food			
LR	ベリー	Demon	6	6	
LR	チェリー	Demon	9	9	
BF	ジョージ	Mouse			
BF	マリールウ	Mouse			
BF	ハンナ	Mouse			
BF	ジェラルド	Mouse			
BF	チェンバレン	Mouse			
BF	リカルド	Mouse			
BF	ブックス	Mouse			
ザ ラナバウツ（働く車）	だんぷのだんちゃん	Vehicle			
ザ ラナバウツ（働く車）	しょうぼうしゃのしょうくん	Vehicle			
ザ ラナバウツ（働く車）	ホイールローダーのローちゃん	Vehicle			
ザ ラナバウツ（働く車）	ミキサーしゃのミックン	Vehicle			
ザ ラナバウツ（働く車）	クレーンしゃのれんちゃん	Vehicle			
ザ ラナバウツ（働く車）	きゅうきゅしゃのキュっちー	Vehicle			
ザ ラナバウツ（働く車）	ショベルカーのベルくん	Vehicle			
ザ ラナバウツ（働く車）	レッカーしゃのレックくん	Vehicle			
ザ ラナバウツ（働く車）	パトカーのパットくん	Vehicle			
ザ ラナバウツ（働く車）	ロードローラーのロールくん	Vehicle			
ザ ラナバウツ（働く車）	タクシーのたっくん	Vehicle			
ザ ラナバウツ（働く車）	バスのバーシー	Vehicle			
ザ ラナバウツ（働く車）	ワゴンのゴンちゃん	Vehicle			
ザ ラナバウツ（働く車）	郵便車のゆうぴー	Vehicle			
JL	ルビー	Rabbit	7	29	
JL	ラブラ	Bear	12	27	
JL	キング	Dog	8	10	
JL	ディアン	Cat	1	20	
JL	ダイアナ	Cat	4	20	
JL	コール	Mouse	9	6	
JL	グラナイト	Lion	12	1	
JL	ルーア	Rabbit	8	28	
JL	ガーネット	Cat	1	8	
JL	ジャスパー	Cheetah	2	14	
JL	ニック	Ferret	8	22	
JL	サンゴ	Cat	7	10	
JL	アレク	Cat	3	3	
JL	コハク	Dog	6	5	
JL	ブラウニー	Hedgehog	10	23	
JL	リル	Pig	4	24	
JL	チターナ	Squirrel	9	23	
JL	リン	Bird	11	23	
JL	ローサ	Bear	6	18	
JL	エンジェラ	Alpaca	3	30	
JL	クリス	Dog	7	5	
JL	プレーズ	Dog	2	14	
JL	ミルキィ	Dog	4	8	
JL	カイト	Dog	12	4	
JL	フローラ	Sheep	1	17	
JL	タータ	Monkey	12	19	
JL	ぺリドット	Dog	8	3	
JL	ネフライト	Dog	2	1	
JL	トール	Cat	10	13	
JL	ラルド	Panda	5	17	
JL	チャロット	Bee	4	3	
JL	サフィー	Dog	9	1	
JL	イオ	Rabbit	12	29	
JL	トパーズ	Dog	11	12	
JL	カイヤ	Cat	5	15	
JL	ラピス	Cat	9	15	
JL	ルナ	Rabbit	6	8	
JL	ユーク	Dog	11	3	
JL	オパール	Unicorn	10	3	
JL	アメリ	Hamster	2	9	
JL	アクア	Fish	3	26	
JL	ラリマー	Fox	12	3	
JL	さくらん	Beer	3	9	
JL	メロリーナ	Dog	4	12	
JL	エクレン	Rabbit	1	24	
JL	マカロニア	Rabbit	3	15	
JL	ドナドナ	Hamster	1	15	
JL	ハニー	Squirrel	11	28	
JL	ショコラ	Beer	6	3	
JL	プリンキー	Monkey	8	31	
JL	マコ	Hamster	11	11	
JL	カコ	Hamster	11	11	
JL	ロコ	Hamster	11	11	
JL	コロン	Hamster	11	11	
JL	グミミン	Fennec	5	30	
SM	バレエうさ	Rabbit			
SM	プリマうさ	Rabbit			
チェリーナチェリーネ	チェリーナ	Fairy			
チェリーナチェリーネ	チェリーネ	Fairy			
MI	ミスベアーズドリーム	Beer	6	24	
NP	ニョッキ	Cat			
NP	ペンネ	Cat			
WI	メル	Rabbit	9	20	
WI	チーコ	Cat	3	31	
WI	アロ	Bear	5	7	
WI	マリン	Turtle	7	3	
WI	ポコ	Panda	12	3	
WI	ルウ	Koala	11	11	
WI	ニィナ	Dragon	3	2	
WI	ロザンヌ	Alpaca	2	14	
WI	マイマイ	Dog	10	28	
WI	ルッツ	Lion	1	10	
WI	サンディ	Bird			
WI	マンディ	Bird			
WI	チューズディ	Bird			
WI	ウェンズディ	Bird			
WI	サーズディ	Bird			
WI	フライディ	Bird			
WI	サタディ	Bird			
WI	シエル	Fairy			
FL	ルゥルゥ	Human			
FL	フラン	Bear			
IG	イチゴマン	Cat	1	15	ハローキティが初めてイチゴマンに変身した日
DG	ダークグレープマン	Cat	9	23	
HM	ハニーモモ	Cat	3	3	
GP	ゴーちゃん。	Panda	5	5	
ビートロイド	ビートロイド	Insect			
SR	有栖川メイプル	Food			
SR	ラメカ・パシャリコワ	Mouse			
SR	ジーペ・パリスガワ				
SRプラズマ	シアン	Cat	5	24	
SRプラズマ	チュチュ	Rabbit	6	18	
SRプラズマ	レトリー	Dog	11	7	
SRプラズマ	モア	Sheep	8	7	
SRシンガン	クロウ	Hedgehog	9	6	
SRシンガン	アイオーン	Lion	2	10	
SRシンガン	ヤイバ	Fox	8	18	
SRシンガン	ロム	Leopard	6	6	
SR雫	ウエンディ	Spirit	2	25	
SR雫	コリエンテ	Rabbit	11	27	
SR雫	タートルBIG	Turtle	12	13	
SR雫	シャボボン		4	8	
SRドルチ	キャンディラパン	Rabbit	3	11	
SRドルチ	チョキュルイユ	Squirrel	1	19	
SRドルチ	クリームテディ	Bear	12	15	
SRドルチ	ピグマカロン	Pig	2	9	
SRすたばん	チッティ	Cheetah	6	20	
SRすたばん	ゼブリナ	Zebra	10	23	
SRすたばん	ライナ	Lion	5	8	
SRすたばん	フェネリィ	Fennec	10	31	
SRにんじん	嵐	Dog	7	19	
SRにんじん	朧	Demon	12	18	
SRにんじん	燐	Fox	4	14	
SRにんじん	神威	Robot	1	12	
SRトラクロ	シュウ☆ゾー		7	7	
SRトラクロ	カイ		10	9	
SRトラクロ	リク		10	9	
SRバイガン	バイレッド		3	27	
SRバイガン	バイブルー		1	14	
SRバイガン	バイグリーン		3	16	
SRバイガン	バイイエロー		5	10	
SRバイガン	バイピンク		9	22	
SR徒然	ダル太夫	Cat	7	26	
SR徒然	阿	Dog	8	25	
SR徒然	吽	Mouse	6	8	
SRウワペタ	しばりん	Dog	4	16	
SRウワペタ	ぽこえ	Raccoon Dog	9	27	
SRウワペタ	きっつん	Fox	7	16	
SRウワペタ	はっくん	Civet	5	2	
SRしにもの	まりまり	Ghost	9	22	
SRしにもの	でゅらでゅら	Dracula	5	16	
SRしにもの	もんもん	Monster	1	8	
SRしにもの	つぎはぎ	Ghost	6	22	
SRしにもの	がしがし	Ghost	3	16	
SRガウガ	キンタウルス	Wolf	11	26	
SRガウガ	デーヤン	Demon	8	2	
SRガウガ	ダイシゼン	Mountain	2	18	
SRガウガ	ウチュウラー	Otter	9	6	
SRアリビ	アンナスピール	Cat	2	29	
SRアリビ	アサミロズィ	Rabbit	11	9	
SRアリビ	カノンベリル	Monkey	2	11	
SRアリビ	マァリスピラ	Bird	8	2	
SRアリビ	アムリン	Dog	10	18	
SRデモンズ	デモンバット	Bat	1	3	
SRデモンズ	デモンマングー	Mongoose	6	4	
SRデモンズ	デモンスモッグ		4	11	
SRデモンズ	タスマニアンデモン	Tasmanian devil	2	7	
SRデモンズ	デモンマミー	Mummy	4	5	
SRラボム	ハライク	Squirrel	10	20	
SRラボム	ミトミトン		5	6	
SRラボム	イトダイン	Statue	12	1	
SRドロ先	クワガタツヤ	Insect	1	16	
SRドロ先	カブトモアキ	Insect	12	13	
SRドロ先	テントウムツミ	Insect	9	19	
SRラペッジ	リックス	Dog	5	13	
SRラペッジ	ミックス	Dog	5	13	
SRラペッジ	DJyksビート	Monkey	11	15	
SRラペッジ	アシッドモンド	Panda	12	14	
SRチャーミー	タネフルン	Plant	7	22	
SRチャーミー	アニフルン	Plant	8	21	
SRチャーミー	サダフルン	Plant	3	2	
SRチャーミー	モーペイ	Insect	8	1	
SRチャーミー	テンタン	Insect	4	27	
SRぜろよん	Gengen	Rabbit	10	28	
SRぜろよん	Kazzed	Weasel	9	19	
SRぜろよん	Ryuryu	Ferret	10	25	
SRぜろよん	Heikou	Weasel	4	17	
SRクリクリ	ロージア	Cat	7	23	
SRクリクリ	ツキノ	Bear	9	16	
SRクリクリ	ホルミー	Cow	5	29	
SRクリクリ	ジャクリン	Frog	10	5	
SRテケバキツ	タケッパー	Kappa	11	14	
SRテケバキツ	ヨシテン	Demon	5	2	
SRテケバキツ	フジレイド	Okapi	7	26	
SRテケバキツ	タクバニング	Spirit	2	18	
SRシロラク	やぎぬぱん	Panda	1	31	
SRシロラク	シミースワンズ	Bird	12	9	
SRシロラク	オチザダック	Bird	1	10	
SRシロラク	タイペコ	Bird	10	13	
SR-BVL	アイレーン	Lion	12	22	
SR-BVL	ペイペイン	Giraffe	2	22	
SR-BVL	ハンドレッコ	Robot	6	26	
SRアルカレ	チタン	Unicorn	11	11	
SRアルカレ	オリオン	Cow	1	22	
SRアルカレ	セレン	Sheep	4	23	
SRアルカレ	アルゴン	Gazelle	3	29	
SRフカシギ	マロ	Crab	11	15	
SRフカシギ	ゲ・フロッチ	Bird	10	6	
SRフカシギ	シャッキー	Shark	10	23	
SRスペクトル	カナート	Cat	5	3	
SRスペクトル	キッカー	Wolf	10	24	
SRスペクトル	イヴアリー	Dog	10	25	
SRスペクトル	ヒデニーロ	Dog	3	8	
SRスペクトル	マオッティ	Cat	11	22	
SRヨカゼ	リカオ	Wild dog	10	4	
SRヨカゼ	ジャロップ	Wild dog	3	4	
SRヨカゼ	クースカ	Skunk	3	4	
SRヨカゼ	ウララギ	Rabbit	12	4	
SRましゅましゅ	ほわん	Fox	5	1	
SRましゅましゅ	マシマヒメコ	Cat	7	22	
SRましゅましゅ	デルミン	Demon	3	10	
SRましゅましゅ	ルフユ	Wolf	12	22	
SRどこ指	ヤス	Bird	8	4	
SRどこ指	ハッチン	Bee	4	4	
SRどこ指	ジョウ	Phoenix	10	10	
SRどこ指	双循	Dog	11	23	
SRレイジン	ララリン	Wild cat	9	15	
SRレイジン	スモモネ	Squirrel	6	2	
SRレイジン	ういうい	Rabbit	2	1	
SRヤバ洗	こやしか	Deer			
SRヤバ洗	ぺんぺんぼぼ	Penguin			
SRヤバ洗	もりもりとぷす	Dinosaur			
SRホルトン	マキシマムザ亮とん	Pig			
SRホルトン	ダイスケとん	Pig			
SRホルトン	上とん	Pig			
SRホルトン	ナヲとん	Pig			
SRホルトン	アイナ・ジ・エンとん	Pig			
SRゼロティク	ぎゃらこ	Monkey	11	1	
SRゼロティク	しまっく	Hedgehog	11	2	
SRゼロティク	れっぱにょ	Red panda	11	13	
SRゼロティク	ギリリ	Giraffe	6	21	
SRふぁにゃ	さとにゃん	Cat			
SRふぁにゃ	とわにゃ	Cat			
SRふぁにゃ	けびんぬ	Cat			
SRふぁにゃ	ワガニャー	Cat			
SRクロモス	919	Dog	9	19	
SRクロモス	661	Ghost	6	5	
SRクロモス	659	Ghost	6	5	
SRクロモス	151	Rabbit	1	5	
SRクロモス	13	Urchin	1	13	
SRジグジグ	キャプテンみこみこ	Rabbit			
SRジグジグ	オフィサーりゅんりゅん	Dragon			
SRジグジグ	エイブルシーマンまるまる	Dog			
BO	ぼんぼんりぼん	Rabbit	8	7	
BO	るんるんルル	Rabbit	6	9	
BO	ラララフローラ	Rabbit	12	3	
BO	ミルキーミミ	Rabbit	10	10	
DK	ドリームテイルクーベア	Bear			
KI	きりみちゃん	Food	8	31	初めて切り身になった日（野菜の日なのに…）
KI	かまぼこちゃん	Food			
KI	たくわんわん	Food			
KI	なるとちゃん	Food			
KI	タイくん	Food			
KI	ブリくん	Food			
KI	サメせんぱい	Food			
KI	さばくん	Food			
KI	ロースちゃん	Food			
KI	さわらくん	Food			
KI	ぎんだらさん	Food			
KI	シャトーブリアン	Food			
KI	カルビくん	Food			
KI	ささみん	Food			
KI	ラムチョップ	Food			
KI	ぎゅうたんくん	Food			
KI	練乳がけいちごちゃん	Food			
KI	マグロくん	Food			
GU	ぐでたま	Food			毎日
GU	ぎゅでちゃま	Food			
GU	ロック	Food			
GU	ハードボイルド	Food			
GU	うずら	Food			
GU	ゆでたまご	Food			
GU	グレたま	Food			
GU	明太子	Food			
GU	たまごどうふ	Food			
GU	クロックマダム	Food			
GU	DJぐでたま	Food			
GU	ニセたま	Human			
GU	しゃきぴよ	Bird			
かしわんこもち	かしわんこ	Food	5	6	
かしわんこもち	ぼたわんこ	Food			
かしわんこもち	さくらわんこ	Food			
かしわんこもち	しおまめわんこ	Food			
かしわんこもち	うぐいすさん	Food			
かしわんこもち	白玉わんこ	Food			
HU	ハミングミント	Deer	3	10	
SZ	メンタくん	Octopus			
SZ	ラブちゃん				
SZ	クリぼう				
SZ	ダイオウ兄さん				
SZ	チョウさん				
SZ	フク助				
SZ	リューグー				
SZ	シーさん				
SZ	メガどん				
SZ	ソックン				
SZ	ムーちゃん				
SZ	オオグチボヤーズ				
SZ	タカさん				
SZ	ニュウドウおじさん				
SZ	センジュさん				
SZ	コシオリーナ				
SZ	サケじい				
SZ	イトーキー				
SZ	ニジ姉さん				
SZ	ミズ兄				
SZ	ボウさん				
SZ	チヒロさん				
SZ	ヤモリン				
CG	こぎみゅん	Food	5	7	
CG	ぎょうざくん				
CG	エビフライ				
CG	たこやきシスターズ				
CG	ピッツァン				
CG	うどんさん				
CG	チョココロネェ				
CG	ケーキちゃん				
CG	パスタン				
CG	からあげ兄弟				
CG	うさぎさん				
CG	こぎみょん				
AR	烈子	Red panda	11	6	
AR	鷲美				
AR	ゴリ部長				
AR	トン部長				
AR	ヤギュウ課長				
AR	小宮係長				
AR	寺田さん				
AR	カバ恵				
AR	坪根さん				
AR	フェネ子				
AR	ハイ田				
AR	大上さん				
AR	只野くん				
AR	わらびださん				
AR	カラ姐				
AR	安達さん				
AR	角田				
AR	社長				
AR	ヨガインストラクターの先生				
AR	カフェ店員				
AR	れさすけさん				
AR	鷲子				
AR	トッティ				
AR	ヨコサワさん				
AR	マジロさん				
AR	穴井				
AR	胡麻川さん				
LF	めろぉ	Rabbit	6	18	メロディは1月18日だと思っていたけど、本当は6月18日
LF	くまぉ				
LF	うりぼ				
LF	ぴんきぃ				
LF	かわうー				
LF	ぴっぴぃ				
LF	はっちぃ				
LF	まいみぃ				
LF	おかめさん				
HA	奥歯				乳歯から生え変わった日
HA	お歯黒				
HA	出っ歯				
HA	八重歯				
HA	金歯				
HA	銀歯				
HA	ゾンビ歯				
HA	インプラント				
HA	プラーク歯				
HA	けんしろう				
HA	きばにゃん				
中年ひろいん Ojisan's	中年ひろいん Ojisan's	Human			
SB	長谷川 康太	Human	4	15	
SB	水野 祐	Human	7	17	
SB	吉野 俊介	Human	6	7	
SB	西宮 諒	Human	9	16	
SB	源 誠一郎	Human	3	2	
SB	雨ケ谷 昴	Human	10	8	
SB	菅見 直樹	Human	5	13	
SB	豊原 夢ノ介	Human	10	30	
SB	羽倉 虎男	Human	11	2	
SB	柏木 智博	Human	2	21	
SB	若野 ゆず	Human	11	28	
SB	藤田 潤	Human	5	31	
SB	古賀 康弘	Human	12	15	
SB	梅崎 慎矢	Human	2	10	
SB	糸永 壱郎	Human	1	24	
SB	緒方 尊比古	Human	8	26	
SB	寺田 如恵留	Human	6	25	
SB	浜田 和生	Human	3	30	
カリバディクス	カリーナ	Squirrel	6	9	
カリバディクス	ディキー	Wolf			
カリバディクス	がおっきー				
カリバディクス	チッパー	Wolf			
カリバディクス	フィーヌ	Squirrel			
PG	江ノ島ショーン	Penguin	3	24	
PG	栗尾音々	Clione			
PG	雪村杏奈	Penguin			
PG	墨田マキ	Penguin			
PG	南極総明	Penguin			
PG	北極星治	Penguin			
ピンキーリルローズ＆リオスカイピース	ピンキーリルローズ	Sheep	6	23	
ピンキーリルローズ＆リオスカイピース	リオスカイピース	Bear	5	1	
MF	モップ	Bear	2	10	
MF	カニカマ	Crab			
MF	ギョニク	Fish			
MF	あじまる	Seal			
MF	マシュ	Penguin			
MW	みゅー	Cat	9	2	
MW	ぺこ	Cat	12	3	
MW	すう	Cat	1	25	
MW	ねね	Cat	3	29	
MW	れい	Cat	7	6	
MW	ちあ	Cat	4	25	
MW	ゆに	Cat	5	30	
MW	つぎ	Cat	2	8	
MW	はぎ	Cat	2	8	
KN	にゃんたろう	Cat	7	12	
BC	ミア	Cat	2	22	
BC	チェルシー	Cat	2	22	
BC	リコ	Cat	2	22	
BC	レイラ	Cat	2	22	
BC	エマ	Cat	2	22	
MG	シンタ	Human	8	31	
MG	ヒカル	Human	5	12	
MG	ダイゴロウ	Human	7	21	
MG	カナタ	Human	9	9	
MG	ハヤテ	Human	10	20	
MG	ゾーヤ	Human	12	19	
MG	ライオン	Human	5	3	
MG	ライム	Human	7	9	
MG	マリア	Human	3	25	
MG	ユズリハ	Human	1	6	
MG	マドカ	Human	11	4	
MG	マモル	Human	4	20	
MG	リンリン	Human	2	16	
MG	ワタル	Human	6	14	
MG	ダイヤ	Human	12	25	
MG	アキ	Human	11	23	
MG	岡田ユウ	Human	1	14	
MG	ルミ先生	Human	3	9	
BA	ぼさうさ	Rabbit			
BA	ぼさとり	Bird			
BA	ぼさねこ	Cat			
BA	ぼさいぬ	Dog			
BA	ぼさはむすたー	Hamster			
BA	ぼさりす	Squirrel			
BA	ぼさふぇれっと	Ferret			
BA	ぼさきつね	Fox			
BA	ぼさあるぱか	Alpaca			
